project,cell_specimen_id,cell_specimen_name,hemisphere,structure,donor_id,donor_name,biological_sex,age,ethnicity,medical_conditions,full_genotype,dendrite_type,apical_dendrite_status,neuron_reconstruction_type,cell_soma_normalized_depth,depth_from_pia_um,ephys_session_id,transcriptomics_sample_id,transcriptomics_batch,corresponding_AIT2.3.1_ID,corresponding_AIT2.3.1_alias
hIVSCC-MET,541549258,H16.03.007.01.01.05.07,left,MTG,H16.03.007,H16.03.007,F,28 yrs,White or Caucasian,epilepsy,,spiny,intact,full,0.165168855148479,558,541549227,RS1SS-161025-01_E12-50_S63,285-813,,Exc L2-3 LINC00507 FREM3
hIVSCC-MET,541557114,H16.03.007.01.01.05.10,left,MTG,H16.03.007,H16.03.007,F,28 yrs,White or Caucasian,epilepsy,,spiny,intact,dendrite-only,0.167381064561714,540,541557101,RS1SS-161025-01_E12-50_S66,285-813,,Exc L2 LAMP5 LTK
hIVSCC-MET,567754968,H17.06.003.11.07.04,left,MTG,H17.06.003,H17.06.003,F,23 yrs,,epilepsy,,spiny,truncated,,,825,567754895,huPSX170327_E1-50_S04,BT024,,Exc L2-3 LINC00507 FREM3
hIVSCC-MET,569835804,H17.03.002.11.09.04,right,MTG,H17.03.002,H17.03.002,M,61 yrs,unknown,epilepsy,,spiny,intact,dendrite-only,0.080998865444945,240,569835791,huPSX170327_E1-50_S15,BT024,,Exc L2 LAMP5 LTK
hIVSCC-MET,569860121,H17.03.002.11.11.05,right,MTG,H17.03.002,H17.03.002,M,61 yrs,unknown,epilepsy,,spiny,intact,dendrite-only,0.166927276298076,460,569860104,huPSX170327_E1-50_S22,BT024,,Exc L2 LAMP5 LTK
hIVSCC-MET,571511167,H17.06.005.12.17.01,left,MTG,H17.06.005,H17.06.005,M,38 yrs,,epilepsy,,spiny,NA,,,,571511135,huPSX170327_E1-50_S30,BT024,,Exc L2-3 LINC00507 FREM3
hIVSCC-MET,571640763,H17.06.006.11.04.03,left,MTG,H17.06.006,H17.06.006,M,35 yrs,,epilepsy,,spiny,intact,,,271,571640515,huPSX170327_E1-50_S39,BT024,,Exc L2 LAMP5 LTK
hIVSCC-MET,571732727,H17.06.006.11.04.11,left,MTG,H17.06.006,H17.06.006,M,35 yrs,,epilepsy,,spiny,intact,dendrite-only,0.299001923202734,918,571732666,huPSX170327_E1-50_S42,BT024,,Exc L2-3 LINC00507 FREM3
hIVSCC-MET,576110753,H17.06.007.11.04.01,right,MFG,H17.06.007,H17.06.007,F,42 yrs,White or Caucasian,tumor,,spiny,intact,dendrite-only,0.222283475018853,706,576110705,huPSX041217_E1-50_S01,BT025,,Exc L2-3 LINC00507 FREM3
hIVSCC-MET,576118161,H17.06.007.11.04.02,right,MFG,H17.06.007,H17.06.007,F,42 yrs,White or Caucasian,tumor,,spiny,intact,dendrite-only,0.0917607527137896,303,576118003,huPSX041217_E1-50_S02,BT025,,Exc L2-3 LINC00507 FREM3
hIVSCC-MET,576134298,H17.06.007.11.04.03,right,MFG,H17.06.007,H17.06.007,F,42 yrs,White or Caucasian,tumor,,spiny,intact,dendrite-only,0.28328362314824,882,576134053,huPSX041217_E1-50_S03,BT025,,Exc L3-4 RORB CARM1P1
hIVSCC-MET,576140393,H17.06.007.11.04.04,right,MFG,H17.06.007,H17.06.007,F,42 yrs,White or Caucasian,tumor,,spiny,intact,dendrite-only,0.301814020650488,932,576140380,huPSX041217_E1-50_S04,BT025,,Exc L3-4 RORB CARM1P1
hIVSCC-MET,591317875,H17.03.006.11.09.03,left,STG,H17.03.006,H17.03.006,F,67 yrs,,epilepsy,,spiny,NA,,,1209,591317862,PS061517_E1-50_S03,BT029,,Exc L2-3 LINC00507 FREM3
hIVSCC-MET,591337995,H17.03.006.11.09.05,left,STG,H17.03.006,H17.03.006,F,67 yrs,,epilepsy,,spiny,NA,,,,591337939,PS061517_E1-50_S05,BT029,,Exc L2-3 LINC00507 FREM3
hIVSCC-MET,591399440,H17.03.006.11.14.02,left,STG,H17.03.006,H17.03.006,F,67 yrs,,epilepsy,,spiny,notchecked,,,,591399423,PS061517_E1-50_S20,BT029,,Exc L3-5 RORB COL22A1
hIVSCC-MET,591411338,H17.03.006.11.08.02,left,STG,H17.03.006,H17.03.006,F,67 yrs,,epilepsy,,spiny,NA,,,,591411317,PS061517_E1-50_S36,BT029,,Exc L3-5 RORB COL22A1
hIVSCC-MET,591422059,H17.03.006.11.08.04,left,STG,H17.03.006,H17.03.006,F,67 yrs,,epilepsy,,spiny,NA,,,,591422046,PS061517_E1-50_S38,BT029,,Exc L2 LAMP5 LTK
hIVSCC-MET,591442366,H17.03.006.11.08.05,left,STG,H17.03.006,H17.03.006,F,67 yrs,,epilepsy,,spiny,NA,,,,591442353,PS061517_E1-50_S39,BT029,,Exc L2 LAMP5 LTK
hIVSCC-MET,592470583,H17.03.007.12.17.01,right,MTG,H17.03.007,H17.03.007,F,27 yrs,unknown,epilepsy,,spiny,NA,,,1217,592470570,PS061517_E1-50_S41,BT029,,Exc L3-5 RORB COL22A1
hIVSCC-MET,592518575,H17.03.007.12.07.02,right,MTG,H17.03.007,H17.03.007,F,27 yrs,unknown,epilepsy,,spiny,NA,,,1339,592518561,PS061517_E1-50_S58,BT029,,Exc L3-4 RORB CARM1P1
hIVSCC-MET,592532014,H17.03.007.12.07.03,right,MTG,H17.03.007,H17.03.007,F,27 yrs,unknown,epilepsy,,spiny,intact,dendrite-only,0.422476318148027,1551,592531937,PS061517_E1-50_S59,BT029,,Exc L3-5 RORB COL22A1
hIVSCC-MET,592536009,H17.03.007.12.07.04,right,MTG,H17.03.007,H17.03.007,F,27 yrs,unknown,epilepsy,,spiny,NA,,,1437,592535960,PS061517_E1-50_S60,BT029,,Exc L3-5 RORB COL22A1
hIVSCC-MET,592544683,H17.03.007.12.07.05,right,MTG,H17.03.007,H17.03.007,F,27 yrs,unknown,epilepsy,,spiny,NA,,,1302,592544658,PS061517_E1-50_S61,BT029,,Exc L3-4 RORB CARM1P1
hIVSCC-MET,592558182,H17.03.007.12.07.06,right,MTG,H17.03.007,H17.03.007,F,27 yrs,unknown,epilepsy,,spiny,NA,,,1186,592558145,PS061517_E1-50_S62,BT029,,Exc L3-4 RORB CARM1P1
hIVSCC-MET,592585119,H17.03.007.11.06.01,right,MTG,H17.03.007,H17.03.007,F,27 yrs,unknown,epilepsy,,spiny,NA,,,276,592585099,PS061517_E1-50_S63,BT029,,Exc L2-3 LINC00507 FREM3
hIVSCC-MET,592592260,H17.03.007.11.06.02,right,MTG,H17.03.007,H17.03.007,F,27 yrs,unknown,epilepsy,,spiny,NA,,,1128,592592047,PS061517_E1-50_S64,BT029,,Exc L2-3 LINC00507 FREM3
hIVSCC-MET,592598069,H17.03.007.11.06.03,right,MTG,H17.03.007,H17.03.007,F,27 yrs,unknown,epilepsy,,spiny,NA,,,1090,592598056,PS061517_E1-50_S65,BT029,,Exc L2 LAMP5 LTK
hIVSCC-MET,592598599,H17.03.007.11.06.04,right,MTG,H17.03.007,H17.03.007,F,27 yrs,unknown,epilepsy,,spiny,NA,,,1323,592598585,PS061517_E1-50_S66,BT029,,Exc L3-4 RORB CARM1P1
hIVSCC-MET,595572609,H17.03.008.11.06.04,right,MTG,H17.03.008,H17.03.008,F,60 yrs,White or Caucasian,epilepsy,,spiny,intact,full,0.337669776811293,891,595572593,BT170919-01_E1-50_S04,BT041,,Exc L2-3 LINC00507 FREM3
hIVSCC-MET,595583062,H17.03.008.11.06.06,right,MTG,H17.03.008,H17.03.008,F,60 yrs,White or Caucasian,epilepsy,,spiny,intact,full,0.125995104521318,298,595583049,BT170919-01_E1-50_S06,BT041,,Exc L2 LAMP5 LTK
hIVSCC-MET,596036401,H17.06.009.11.06.03,left,MTG,H17.06.009,H17.06.009,M,52 yrs,White or Caucasian,tumor,,spiny,NA,,,480,596036386,BT170919-01_E1-50_S23,BT041,,Exc L2-3 LINC00507 FREM3
hIVSCC-MET,596049425,H17.06.009.11.06.05,left,MTG,H17.06.009,H17.06.009,M,52 yrs,White or Caucasian,tumor,,spiny,truncated,,,1003,596049412,BT170919-01_E1-50_S25,BT041,,Exc L3-4 RORB CARM1P1
hIVSCC-MET,596052266,H17.06.009.11.06.06,left,MTG,H17.06.009,H17.06.009,M,52 yrs,White or Caucasian,tumor,,spiny,NA,,,439,596052253,BT170919-01_E1-50_S26,BT041,,Exc L2-3 LINC00507 FREM3
hIVSCC-MET,596053384,H17.06.009.11.06.07,left,MTG,H17.06.009,H17.06.009,M,52 yrs,White or Caucasian,tumor,,spiny,NA,,,423,596053349,BT170919-01_E1-50_S27,BT041,,Exc L2-3 LINC00507 FREM3
hIVSCC-MET,596069208,H17.06.009.11.06.09,left,MTG,H17.06.009,H17.06.009,M,52 yrs,White or Caucasian,tumor,,spiny,NA,,,417,596069195,BT170919-01_E1-50_S29,BT041,,Exc L2-3 LINC00507 FREM3
hIVSCC-MET,596891511,H17.03.009.11.06.04,right,MTG,H17.03.009,H17.03.009,M,18 yrs,unknown,epilepsy,,spiny,notchecked,,,,596891498,BT170919-01_E1-50_S38,BT041,,Exc L2-3 LINC00507 FREM3
hIVSCC-MET,596892878,H17.03.009.11.08.02,right,MTG,H17.03.009,H17.03.009,M,18 yrs,unknown,epilepsy,,spiny,NA,,,308,596892865,BT170919-01_E1-50_S44,BT041,,Exc L2 LAMP5 LTK
hIVSCC-MET,596894384,H17.03.009.11.06.06,right,MTG,H17.03.009,H17.03.009,M,18 yrs,unknown,epilepsy,,spiny,notchecked,,,,596894371,BT170919-01_E1-50_S40,BT041,,Exc L3-5 RORB COL22A1
hIVSCC-MET,596894444,H17.03.009.11.08.03,right,MTG,H17.03.009,H17.03.009,M,18 yrs,unknown,epilepsy,,spiny,intact,,,520,596894428,BT170919-01_E1-50_S45,BT041,,Exc L2-3 LINC00507 FREM3
hIVSCC-MET,596898838,H17.03.009.11.08.04,right,MTG,H17.03.009,H17.03.009,M,18 yrs,unknown,epilepsy,,spiny,intact,dendrite-only,0.114397107875749,363,596898822,BT170919-01_E1-50_S46,BT041,,Exc L2 LAMP5 LTK
hIVSCC-MET,596917084,H17.03.009.11.08.09,right,MTG,H17.03.009,H17.03.009,M,18 yrs,unknown,epilepsy,,spiny,notchecked,,0.127282555477261,438,596917071,BT170919-01_E1-50_S51,BT041,,Exc L2-3 LINC00507 FREM3
hIVSCC-MET,601940782,H17.03.010.12.19.02,left,MTG,H17.03.010,H17.03.010,F,38 yrs,unknown,epilepsy,,spiny,notchecked,,,570,601940724,BT170919-01_E1-50_S68,BT041,,Exc L2-3 LINC00507 FREM3
hIVSCC-MET,601958678,H17.03.010.11.09.06,left,MTG,H17.03.010,H17.03.010,F,38 yrs,unknown,epilepsy,,spiny,notchecked,,,644,601958627,BT170919-01_E1-50_S66,BT041,,Exc L2 LAMP5 LTK
hIVSCC-MET,602165685,H17.03.010.11.06.02,left,MTG,H17.03.010,H17.03.010,F,38 yrs,unknown,epilepsy,,spiny,intact,full,0.0854227695718923,291,602165643,BT170919-01_E1-50_S83,BT041,,Exc L2 LAMP5 LTK
hIVSCC-MET,602234640,H17.03.010.11.06.07,left,MTG,H17.03.010,H17.03.010,F,38 yrs,unknown,epilepsy,,spiny,truncated,,,1260,602234627,BT170919-01_E1-50_S88,BT041,,Exc L3-5 RORB COL22A1
hIVSCC-MET,611616275,H17.06.012.14.06.06,right,MTG,H17.06.012,H17.06.012,M,23 yrs,American Indian and Alaska Native,epilepsy,,spiny,notchecked,,,,611616224,BT170919-02_E1-50_S44,BT042,,Exc L2 LAMP5 LTK
hIVSCC-MET,611630983,H17.06.012.14.06.08,right,MTG,H17.06.012,H17.06.012,M,23 yrs,American Indian and Alaska Native,epilepsy,,spiny,notchecked,,,,611630962,BT170919-02_E1-50_S46,BT042,,Exc L2 LAMP5 LTK
hIVSCC-MET,611926705,H17.06.012.14.11.07,right,MTG,H17.06.012,H17.06.012,M,23 yrs,American Indian and Alaska Native,epilepsy,,spiny,notchecked,,,,611926417,BT170919-02_E1-50_S53,BT042,,Exc L2 LAMP5 LTK
hIVSCC-MET,642862180,H17.03.014.11.03.01,left,TemL,H17.03.014,H17.03.014,M,20 yrs,,epilepsy,,spiny,notchecked,,,1113,642862167,SM-GE652_S160_E1-50,RSC-127,,Exc L2 LAMP5 LTK
hIVSCC-MET,642864559,H17.03.014.11.04.02,left,TemL,H17.03.014,H17.03.014,M,20 yrs,,epilepsy,,spiny,notchecked,,,371,642864546,SM-GE652_S168_E1-50,RSC-127,,Exc L2 LAMP5 LTK
hIVSCC-MET,642867575,H17.03.014.11.09.04,left,TemL,H17.03.014,H17.03.014,M,20 yrs,,epilepsy,,spiny,truncated,,,1208,642867562,SM-GE652_S158_E1-50,RSC-127,,Exc L2-3 LINC00507 FREM3
hIVSCC-MET,650074936,H17.26.003.11.25.01,right,MTG,H17.26.003,H17.26.003,M,25 yrs,,tumor,,spiny,notchecked,,,,650074923,SM-GE65Y_S123_E1-50,RSC-135,,Exc L3-5 RORB COL22A1
hIVSCC-MET,652075403,H17.06.015.13.08.02,right,TemL,H17.06.015,H17.06.015,M,19 yrs,White or Caucasian,epilepsy,,spiny,NA,,,1135,652075387,SM-GE65O_S089_E1-50,RSC-136,,Exc L2-3 LINC00507 FREM3
hIVSCC-MET,653034602,H17.26.005.11.04.02,left,IFGtr,H17.26.005,H17.26.005,F,27 yrs,,tumor,,spiny,NA,,,,653034589,SM-GE8ZP_S166_E1-50,RSC-138,,Exc L2 LAMP5 LTK
hIVSCC-MET,653040833,H17.26.005.11.08.07,left,IFGtr,H17.26.005,H17.26.005,F,27 yrs,,tumor,,spiny,intact,full,0.475259381983093,1154,653040819,SM-GE8ZP_S162_E1-50,RSC-138,,Exc L3-5 RORB COL22A1
hIVSCC-MET,653804581,H17.03.016.11.04.01,right,MTG,H17.03.016,H17.03.016,M,36 yrs,,epilepsy,,spiny,intact,full,0.195602262136074,559,653804519,SM-GE672_S037_E1-50,RSC-139,,Exc L2 LAMP5 LTK
hIVSCC-MET,653825043,H17.03.016.11.04.03,right,MTG,H17.03.016,H17.03.016,M,36 yrs,,epilepsy,,spiny,NA,,,337,653824813,SM-GE672_S039_E1-50,RSC-139,,Exc L2 LAMP5 LTK
hIVSCC-MET,653825083,H17.03.016.11.03.03,right,MTG,H17.03.016,H17.03.016,M,36 yrs,,epilepsy,,spiny,NA,,,239,653825066,SM-GE672_S079_E1-50,RSC-139,,Exc L2 LAMP5 LTK
hIVSCC-MET,653854241,H17.03.016.11.04.04,right,MTG,H17.03.016,H17.03.016,M,36 yrs,,epilepsy,,spiny,intact,full,0.121565071896526,369,653854226,SM-GE672_S040_E1-50,RSC-139,,Exc L2 LAMP5 LTK
hIVSCC-MET,654180841,H17.03.016.11.09.03,right,MTG,H17.03.016,H17.03.016,M,36 yrs,,epilepsy,,spiny,intact,full,0.208468652189417,578,654180530,SM-GE672_S091_E1-50,RSC-139,,Exc L2 LAMP5 LTK
hIVSCC-MET,660494076,H18.06.001.11.11.04,left,SFG,H18.06.001,H18.06.001,M,69 yrs,White or Caucasian,tumor,,spiny,NA,,,1323,660494058,SM-GE67G_S107_E1-50,RSC-144,,Exc L3-5 RORB COL22A1
hIVSCC-MET,665694337,H18.03.003.11.11.01,right,,H18.03.003,H18.03.003,M,21 yrs,White or Caucasian,tumor,,spiny,notchecked,,,215,665694233,SM-GE91Q_S035_E1-50,RSC-146,,Exc L2-3 LINC00507 FREM3
hIVSCC-MET,665711442,H18.03.003.11.04.02,right,,H18.03.003,H18.03.003,M,21 yrs,White or Caucasian,tumor,,spiny,notchecked,,,284,665711421,SM-GE91Q_S021_E1-50,RSC-146,,Exc L2 LAMP5 LTK
hIVSCC-MET,665713811,H18.03.003.11.11.03,right,,H18.03.003,H18.03.003,M,21 yrs,White or Caucasian,tumor,,spiny,intact,full,0.132635288870251,296,665713792,SM-GE91Q_S037_E1-50,RSC-146,,Exc L2-3 LINC00507 FREM3
hIVSCC-MET,666155913,H18.03.003.12.01.03,right,,H18.03.003,H18.03.003,M,21 yrs,White or Caucasian,tumor,,spiny,truncated,,,,666155743,SM-GE91Q_S055_E1-50,RSC-146,,Exc L2-3 LINC00507 FREM3
hIVSCC-MET,672184275,H18.06.004.11.03.01,right,MTG,H18.06.004,H18.06.004,F,69 yrs,White or Caucasian,tumor,,spiny,notchecked,,,239,672184262,SM-GE8ZX_S147_E1-50,RSC-149,,Exc L2-3 LINC00507 FREM3
hIVSCC-MET,672299031,H18.06.004.11.02.02,right,MTG,H18.06.004,H18.06.004,F,69 yrs,White or Caucasian,tumor,,spiny,notchecked,,,407,672298648,SM-GE8ZX_S152_E1-50,RSC-149,,Exc L2 LAMP5 LTK
hIVSCC-MET,672646275,H18.03.004.11.13.01,left,ITG,H18.03.004,H18.03.004,M,28 yrs,,epilepsy,,spiny,notchecked,,,,672646262,SM-GE8ZX_S173_E1-50,RSC-149,,Exc L3-5 RORB COL22A1
hIVSCC-MET,672650722,H18.03.004.11.11.02,left,ITG,H18.03.004,H18.03.004,M,28 yrs,,epilepsy,,spiny,NA,,,498,672650708,SM-GE93P_S003_E1-50,RSC-150,,Exc L2-3 LINC00507 FREM3
hIVSCC-MET,674613931,H18.03.005.11.06.03,right,STG,H18.03.005,H18.03.005,F,49 yrs,White or Caucasian,epilepsy,,spiny,NA,,,177,674613868,SM-GE93S_S162_E1-50,RSC-150,,Exc L2 LAMP5 LTK
hIVSCC-MET,674615724,H18.03.005.11.09.03,right,STG,H18.03.005,H18.03.005,F,49 yrs,White or Caucasian,epilepsy,,spiny,NA,,,287,674615711,SM-GE93S_S126_E1-50,RSC-150,,Exc L2 LAMP5 LTK
hIVSCC-MET,674636128,H18.03.005.11.11.05,right,STG,H18.03.005,H18.03.005,F,49 yrs,White or Caucasian,epilepsy,,spiny,NA,,,270,674635802,SM-GE93S_S152_E1-50,RSC-150,,Exc L2-3 LINC00507 FREM3
hIVSCC-MET,674643161,H18.03.005.11.11.06,right,STG,H18.03.005,H18.03.005,F,49 yrs,White or Caucasian,epilepsy,,spiny,notchecked,,,920,674643148,SM-GE93S_S153_E1-50,RSC-150,,Exc L2-3 LINC00507 FREM3
hIVSCC-MET,674660116,H18.03.005.11.11.07,right,STG,H18.03.005,H18.03.005,F,49 yrs,White or Caucasian,epilepsy,,spiny,truncated,,,676,674660103,SM-GE93S_S154_E1-50,RSC-150,,Exc L2-3 LINC00507 FREM3
hIVSCC-MET,676464469,H18.06.005.11.06.01,left,MTG,H18.06.005,H18.06.005,F,56 yrs,White or Caucasian,tumor,,spiny,NA,,,,676464358,SM-GE93J_S003_E1-50,RSC-152,,Exc L2-3 LINC00507 FREM3
hIVSCC-MET,676983527,H18.03.006.11.04.01,left,SPL,H18.03.006,H18.03.006,F,24 yrs,,epilepsy,,spiny,NA,,,301,676983132,SM-GE93J_S025_E1-50,RSC-152,,Exc L2 LAMP5 LTK
hIVSCC-MET,676983694,H18.03.006.11.05.01,left,SPL,H18.03.006,H18.03.006,F,24 yrs,,epilepsy,,spiny,NA,,,231,676983606,SM-GE93J_S031_E1-50,RSC-152,,Exc L2-3 LINC00507 FREM3
hIVSCC-MET,677060360,H18.03.006.11.05.04,left,SPL,H18.03.006,H18.03.006,F,24 yrs,,epilepsy,,spiny,notchecked,,,212,677060197,SM-GE93J_S042_E1-50,RSC-152,,Exc L2 LAMP5 LTK
hIVSCC-MET,677060617,H18.03.006.11.02.01,left,SPL,H18.03.006,H18.03.006,F,24 yrs,,epilepsy,,spiny,NA,,,275,677060420,SM-GE93J_S020_E1-50,RSC-152,,Exc L2-3 LINC00507 FREM3
hIVSCC-MET,677088033,H18.03.006.11.05.05,left,SPL,H18.03.006,H18.03.006,F,24 yrs,,epilepsy,,spiny,intact,dendrite-only,0.243539794649028,605,677087840,SM-GE93J_S043_E1-50,RSC-152,,Exc L2-4 LINC00507 GLP2R
hIVSCC-MET,677094878,H18.03.006.11.02.02,left,SPL,H18.03.006,H18.03.006,F,24 yrs,,epilepsy,,spiny,NA,,,551,677094662,SM-GE93J_S021_E1-50,RSC-152,,Exc L2-3 LINC00507 FREM3
hIVSCC-MET,677099224,H18.03.006.11.04.05,left,SPL,H18.03.006,H18.03.006,F,24 yrs,,epilepsy,,spiny,notchecked,,,1069,677099014,SM-GE93J_S029_E1-50,RSC-152,,Exc L3-5 RORB COL22A1
hIVSCC-MET,680581022,H18.03.007.11.05.01,right,MTG,H18.03.007,H18.03.007,F,59 yrs,White or Caucasian,epilepsy,,spiny,notchecked,,,224,680581009,SM-GE93V_S001_E1-50,RSC-153,,Exc L2 LAMP5 LTK
hIVSCC-MET,680581271,H18.03.007.11.05.02,right,MTG,H18.03.007,H18.03.007,F,59 yrs,White or Caucasian,epilepsy,,spiny,notchecked,,,247,680581258,SM-GE93V_S002_E1-50,RSC-153,,Exc L2 LAMP5 LTK
hIVSCC-MET,680581533,H18.03.007.11.05.03,right,MTG,H18.03.007,H18.03.007,F,59 yrs,White or Caucasian,epilepsy,,spiny,notchecked,,,204,680581408,SM-GE93V_S003_E1-50,RSC-153,,Exc L2 LAMP5 LTK
hIVSCC-MET,685767564,H18.03.008.11.12.02,left,MTG,H18.03.008,H18.03.008,F,19 yrs,,epilepsy,,spiny,intact,full,0.143610581120044,410,685767550,SM-GE937_S182_E1-50,RSC-155,,Exc L2-3 LINC00507 FREM3
hIVSCC-MET,685806309,H18.03.008.11.14.05,left,MTG,H18.03.008,H18.03.008,F,19 yrs,,epilepsy,,spiny,intact,full,0.225927150601735,540,685806296,SM-GE93B_S027_E1-50,RSC-155,,Exc L2-3 LINC00507 FREM3
hIVSCC-MET,685814252,H18.03.008.11.12.08,left,MTG,H18.03.008,H18.03.008,F,19 yrs,,epilepsy,,spiny,intact,full,0.129714423301839,355,685814239,SM-GE937_S188_E1-50,RSC-155,,Exc L2 LAMP5 LTK
hIVSCC-MET,685815936,H18.03.008.11.14.07,left,MTG,H18.03.008,H18.03.008,F,19 yrs,,epilepsy,,spiny,intact,full,0.434094937180368,1136,685815923,SM-GE93B_S029_E1-50,RSC-155,,Exc L2-3 LINC00507 FREM3
hIVSCC-MET,686078633,H18.03.008.11.06.04,left,MTG,H18.03.008,H18.03.008,F,19 yrs,,epilepsy,,spiny,NA,,,,686077948,SM-GE937_S171_E1-50,RSC-155,,Exc L2-3 LINC00507 FREM3
hIVSCC-MET,689300528,H18.03.009.11.16.01,right,MTG,H18.03.009,H18.03.009,M,19 yrs,,epilepsy,,spiny,intact,full,0.139479539039857,333,689300515,SM-GE92Y_S018_E1-50,RSC-156,,Exc L2-3 LINC00507 FREM3
hIVSCC-MET,689306818,H18.03.009.11.14.02,right,MTG,H18.03.009,H18.03.009,M,19 yrs,,epilepsy,,spiny,intact,full,0.118087421579288,331,689306796,SM-GE92Y_S033_E1-50,RSC-156,,Exc L2-3 LINC00507 FREM3
hIVSCC-MET,689309060,H18.03.009.11.16.03,right,MTG,H18.03.009,H18.03.009,M,19 yrs,,epilepsy,,spiny,intact,full,0.189684510533648,479,689309047,SM-GE92Y_S020_E1-50,RSC-156,,Exc L2-3 LINC00507 FREM3
hIVSCC-MET,689312221,H18.03.009.11.16.04,right,MTG,H18.03.009,H18.03.009,M,19 yrs,,epilepsy,,spiny,intact,full,0.118123563769627,226,689312206,SM-GE92Y_S021_E1-50,RSC-156,,Exc L2-3 LINC00507 FREM3
hIVSCC-MET,689323433,H18.03.009.11.16.06,right,MTG,H18.03.009,H18.03.009,M,19 yrs,,epilepsy,,spiny,intact,full,0.168791474454661,404,689323420,SM-GE92Y_S023_E1-50,RSC-156,,Exc L2 LAMP5 LTK
hIVSCC-MET,689354518,H18.03.009.11.15.06,right,MTG,H18.03.009,H18.03.009,M,19 yrs,,epilepsy,,spiny,notchecked,,,964,689354505,SM-GE92Y_S007_E1-50,RSC-156,,Exc L3-4 RORB CARM1P1
hIVSCC-MET,689360253,H18.03.009.11.14.10,right,MTG,H18.03.009,H18.03.009,M,19 yrs,,epilepsy,,spiny,intact,full,0.109008282707777,280,689360240,SM-GE92Y_S041_E1-50,RSC-156,,Exc L2-4 LINC00507 GLP2R
hIVSCC-MET,689370040,H18.03.009.11.14.11,right,MTG,H18.03.009,H18.03.009,M,19 yrs,,epilepsy,,spiny,intact,full,0.342534685564191,1008,689369740,SM-GE92Y_S042_E1-50,RSC-156,,Exc L3-5 RORB COL22A1
hIVSCC-MET,695494556,H18.03.010.11.14.01,right,MTG,H18.03.010,H18.03.010,M,31 yrs,,epilepsy,,spiny,intact,full,0.128033117363504,365,695494540,SM-GE92K_S192_E1-50,RSC-157,,Exc L2-3 LINC00507 FREM3
hIVSCC-MET,695496425,H18.03.010.11.15.01,right,MTG,H18.03.010,H18.03.010,M,31 yrs,,epilepsy,,spiny,notchecked,,,418,695496410,SM-GE92K_S171_E1-50,RSC-157,,Exc L2-3 LINC00507 FREM3
hIVSCC-MET,695503873,H18.03.010.11.15.02,right,MTG,H18.03.010,H18.03.010,M,31 yrs,,epilepsy,,spiny,notchecked,,,771,695503853,SM-GE92K_S172_E1-50,RSC-157,,Exc L2-3 LINC00507 FREM3
hIVSCC-MET,695509869,H18.03.010.11.10.04,right,MTG,H18.03.010,H18.03.010,M,31 yrs,,epilepsy,,spiny,notchecked,,,1450,695509855,SM-GE92A_S018_E1-50,RSC-158,,Exc L2-3 LINC00507 FREM3
hIVSCC-MET,695510699,H18.03.010.11.15.03,right,MTG,H18.03.010,H18.03.010,M,31 yrs,,epilepsy,,spiny,notchecked,,,330,695510684,SM-GE92K_S173_E1-50,RSC-157,,Exc L2 LAMP5 LTK
hIVSCC-MET,695510727,H18.03.010.11.14.04,right,MTG,H18.03.010,H18.03.010,M,31 yrs,,epilepsy,,spiny,truncated,,,490,695510714,SM-GE92A_S003_E1-50,RSC-158,,Exc L2-3 LINC00507 FREM3
hIVSCC-MET,695517111,H18.03.010.11.15.04,right,MTG,H18.03.010,H18.03.010,M,31 yrs,,epilepsy,,spiny,notchecked,,,395,695517029,SM-GE92K_S174_E1-50,RSC-157,,Exc L2 LAMP5 LTK
hIVSCC-MET,695521538,H18.03.010.11.14.05,right,MTG,H18.03.010,H18.03.010,M,31 yrs,,epilepsy,,spiny,intact,full,0.0852786135838286,240,695521496,SM-GE92A_S004_E1-50,RSC-158,,Exc L2 LAMP5 LTK
hIVSCC-MET,695531200,H18.03.010.11.10.07,right,MTG,H18.03.010,H18.03.010,M,31 yrs,,epilepsy,,spiny,notchecked,,,412,695531184,SM-GE92A_S021_E1-50,RSC-158,,Exc L2-3 LINC00507 FREM3
hIVSCC-MET,695531231,H18.03.010.11.15.05,right,MTG,H18.03.010,H18.03.010,M,31 yrs,,epilepsy,,spiny,notchecked,,,316,695531218,SM-GE92K_S175_E1-50,RSC-157,,Exc L2 LAMP5 LTK
hIVSCC-MET,695538941,H18.03.010.11.10.08,right,MTG,H18.03.010,H18.03.010,M,31 yrs,,epilepsy,,spiny,notchecked,,,796,695538825,SM-GE92A_S022_E1-50,RSC-158,,Exc L2-4 LINC00507 GLP2R
hIVSCC-MET,695543474,H18.03.010.11.15.06,right,MTG,H18.03.010,H18.03.010,M,31 yrs,,epilepsy,,spiny,notchecked,,,505,695543419,SM-GE92K_S176_E1-50,RSC-157,,Exc L2 LAMP5 LTK
hIVSCC-MET,695546566,H18.03.010.11.14.07,right,MTG,H18.03.010,H18.03.010,M,31 yrs,,epilepsy,,spiny,intact,full,0.143250049253742,338,695546514,SM-GE92A_S006_E1-50,RSC-158,,Exc L2-3 LINC00507 FREM3
hIVSCC-MET,695557339,H18.03.010.11.14.08,right,MTG,H18.03.010,H18.03.010,M,31 yrs,,epilepsy,,spiny,intact,dendrite-only,0.118344566507991,323,695557325,SM-GE92A_S007_E1-50,RSC-158,,Exc L2-3 LINC00507 FREM3
hIVSCC-MET,695574435,H18.03.010.11.15.08,right,MTG,H18.03.010,H18.03.010,M,31 yrs,,epilepsy,,spiny,notchecked,,,808,695574422,SM-GE92K_S178_E1-50,RSC-157,,Exc L2-3 LINC00507 FREM3
hIVSCC-MET,696106680,H18.03.010.11.11.06,right,MTG,H18.03.010,H18.03.010,M,31 yrs,,epilepsy,,spiny,notchecked,,,1264,696106559,SM-GE92A_S045_E1-50,RSC-158,,Exc L2-3 LINC00507 FREM3
hIVSCC-MET,696109866,H18.03.010.11.11.08,right,MTG,H18.03.010,H18.03.010,M,31 yrs,,epilepsy,,spiny,notchecked,,,474,696109719,SM-GE92A_S047_E1-50,RSC-158,,Exc L2-3 LINC00507 FREM3
hIVSCC-MET,696111753,H18.03.010.11.11.09,right,MTG,H18.03.010,H18.03.010,M,31 yrs,,epilepsy,,spiny,notchecked,,,319,696111513,SM-GE92A_S048_E1-50,RSC-158,,Exc L2-3 LINC00507 FREM3
hIVSCC-MET,700798797,H18.03.012.11.07.02.01,right,PRG,H18.03.012,H18.03.012,M,22 yrs,,epilepsy,,spiny,notchecked,,,317,700798753,SM-GE8X7_S143_E1-50,RSC-159,,Exc L2 LAMP5 LTK
hIVSCC-MET,700821005,H18.03.012.11.07.02.03,right,PRG,H18.03.012,H18.03.012,M,22 yrs,,epilepsy,,spiny,notchecked,,,663,700820972,SM-GE8X7_S145_E1-50,RSC-159,,Exc L2-3 LINC00507 FREM3
hIVSCC-MET,700826482,H18.03.012.11.07.02.04,right,PRG,H18.03.012,H18.03.012,M,22 yrs,,epilepsy,,spiny,notchecked,,,1617,700826467,SM-GE8X7_S146_E1-50,RSC-159,,Exc L3-5 RORB COL22A1
hIVSCC-MET,700843573,H18.03.012.11.07.01.04,right,PRG,H18.03.012,H18.03.012,M,22 yrs,,epilepsy,,spiny,notchecked,,,600,700843431,SM-GE8X7_S173_E1-50,RSC-159,,Exc L2-3 LINC00507 FREM3
hIVSCC-MET,700862529,H18.03.012.11.13.02.07,right,PRG,H18.03.012,H18.03.012,M,22 yrs,,epilepsy,,spiny,notchecked,,,863,700862472,SM-GE8X7_S185_E1-50,RSC-159,,Exc L3-5 RORB COL22A1
hIVSCC-MET,701072592,H18.03.012.11.11.02.04,right,PRG,H18.03.012,H18.03.012,M,22 yrs,,epilepsy,,spiny,intact,full,0.422675242153699,1416,701072579,SM-GE8X7_S142_E1-50,RSC-159,,Exc L3-5 RORB COL22A1
hIVSCC-MET,707828926,H18.06.358.11.06.03,right,MFG,H18.06.358,H18.06.358,F,38 yrs,White or Caucasian,,,spiny,intact,dendrite-only,0.0901131385243812,261,707828821,SM-GE8WR_S069_E1-50,RSC-162,,Exc L2 LAMP5 LTK
hIVSCC-MET,707833551,H18.06.358.11.06.04,right,MFG,H18.06.358,H18.06.358,F,38 yrs,White or Caucasian,,,spiny,notchecked,,,913,707833431,SM-GE8WR_S070_E1-50,RSC-162,,Exc L3-4 RORB CARM1P1
hIVSCC-MET,712882769,H18.26.403.11.04.01.01,right,MFG,H18.26.403,H18.26.403,F,68 yrs,,tumor,,spiny,notchecked,,,202,712882756,SM-GE953_S090_E1-50,RSC-164,,Exc L2 LAMP5 LTK
hIVSCC-MET,712887031,H18.26.403.11.04.01.02,right,MFG,H18.26.403,H18.26.403,F,68 yrs,,tumor,,spiny,intact,dendrite-only,0.287316333823337,713,712886987,SM-GE953_S091_E1-50,RSC-164,,Exc L2-3 LINC00507 FREM3
hIVSCC-MET,712889265,H18.26.403.11.02.01.05,right,MFG,H18.26.403,H18.26.403,F,68 yrs,,tumor,,spiny,notchecked,,,613,712889217,SM-GE94R_S115_E1-50,RSC-165,,Exc L2-3 LINC00507 FREM3
hIVSCC-MET,712892076,H18.26.403.11.02.01.06,right,MFG,H18.26.403,H18.26.403,F,68 yrs,,tumor,,spiny,intact,,,733,712892003,SM-GE94R_S116_E1-50,RSC-165,,Exc L2-3 LINC00507 FREM3
hIVSCC-MET,716918890,H18.26.404.11.04.01.03,left,MTG,H18.26.404,H18.26.404,M,68 yrs,,tumor,,spiny,intact,dendrite-only,0.0789834426541205,288,716918793,SM-GE94B_S133_E1-50,RSC-167,,Exc L2-3 LINC00507 FREM3
hIVSCC-MET,716929071,H18.26.404.11.04.01.04,left,MTG,H18.26.404,H18.26.404,M,68 yrs,,tumor,,spiny,intact,dendrite-only,0.0775519064686261,291,716928764,SM-GE94B_S134_E1-50,RSC-167,,Exc L2 LAMP5 LTK
hIVSCC-MET,717075496,H18.06.359.11.03.01.01,left,MFG,H18.06.359,H18.06.359,M,47 yrs,White or Caucasian,tumor,,spiny,notchecked,,,259,717075468,SM-GE94B_S169_E1-50,RSC-167,,Exc L2 LAMP5 LTK
hIVSCC-MET,717087449,H18.06.359.11.10.01.03,left,MFG,H18.06.359,H18.06.359,M,47 yrs,White or Caucasian,tumor,,spiny,notchecked,,,,717087410,SM-GE94B_S161_E1-50,RSC-167,,Exc L3-5 RORB COL22A1
hIVSCC-MET,717094612,H18.06.359.11.03.01.05,left,MFG,H18.06.359,H18.06.359,M,47 yrs,White or Caucasian,tumor,,spiny,notchecked,,,,717094580,SM-GE94B_S173_E1-50,RSC-167,,Exc L3-5 RORB COL22A1
hIVSCC-MET,720795024,H18.26.405.11.15.01.03,right,MTG,H18.26.405,H18.26.405,F,68 yrs,,tumor,,spiny,intact,,,235,720794892,SM-GE5TO_S099_E1-50,RSC-169,,Exc L2-3 LINC00507 FREM3
hIVSCC-MET,720795782,H18.26.405.12.13.01.01,right,MTG,H18.26.405,H18.26.405,F,68 yrs,,tumor,,spiny,notchecked,,,232,720795676,SM-GE5TO_S122_E1-50,RSC-169,,Exc L2-3 LINC00507 FREM3
hIVSCC-MET,720828144,H18.03.313.11.19.01.01,right,STG,H18.03.313,H18.03.313,F,23 yrs,White or Caucasian,epilepsy,,spiny,notchecked,,,326,720827966,SM-GE5TO_S123_E1-50,RSC-169,,Exc L2-3 LINC00507 FREM3
hIVSCC-MET,720828249,H18.03.313.11.16.01.01,right,STG,H18.03.313,H18.03.313,F,23 yrs,White or Caucasian,epilepsy,,spiny,notchecked,,,401,720828198,SM-GE5TO_S147_E1-50,RSC-169,,Exc L2-3 LINC00507 FREM3
hIVSCC-MET,720828444,H18.03.313.11.22.01.01,right,STG,H18.03.313,H18.03.313,F,23 yrs,White or Caucasian,epilepsy,,spiny,intact,full,0.0997186756335079,232,720828324,SM-GE5TO_S111_E1-50,RSC-169,,Exc L2-3 LINC00507 FREM3
hIVSCC-MET,720834317,H18.03.313.11.19.01.02,right,STG,H18.03.313,H18.03.313,F,23 yrs,White or Caucasian,epilepsy,,spiny,notchecked,,,531,720834255,SM-GE5TO_S124_E1-50,RSC-169,,Exc L2-3 LINC00507 FREM3
hIVSCC-MET,720838635,H18.03.313.11.14.01.01,right,STG,H18.03.313,H18.03.313,F,23 yrs,White or Caucasian,epilepsy,,spiny,truncated,,,315,720838509,SM-GE5TO_S101_E1-50,RSC-169,,Exc L2 LAMP5 LTK
hIVSCC-MET,720845889,H18.03.313.11.22.01.04,right,STG,H18.03.313,H18.03.313,F,23 yrs,White or Caucasian,epilepsy,,spiny,truncated,,,1506,720845876,SM-GE5TO_S114_E1-50,RSC-169,,Exc L3-5 RORB COL22A1
hIVSCC-MET,720845918,H18.03.313.11.19.01.04,right,STG,H18.03.313,H18.03.313,F,23 yrs,White or Caucasian,epilepsy,,spiny,notchecked,,,400,720845905,SM-GE5TO_S126_E1-50,RSC-169,,Exc L2 LAMP5 LTK
hIVSCC-MET,720850177,H18.03.313.11.19.01.05,right,STG,H18.03.313,H18.03.313,F,23 yrs,White or Caucasian,epilepsy,,spiny,notchecked,,,682,720850095,SM-GE5TO_S127_E1-50,RSC-169,,Exc L2-4 LINC00507 GLP2R
hIVSCC-MET,720850977,H18.03.313.11.22.01.05,right,STG,H18.03.313,H18.03.313,F,23 yrs,White or Caucasian,epilepsy,,spiny,intact,dendrite-only,0.130874657903229,339,720850964,SM-GE5TO_S115_E1-50,RSC-169,,Exc L2 LAMP5 LTK
hIVSCC-MET,720856118,H18.03.313.11.19.01.06,right,STG,H18.03.313,H18.03.313,F,23 yrs,White or Caucasian,epilepsy,,spiny,notchecked,,,805,720856105,SM-GE5TO_S128_E1-50,RSC-169,,Exc L2-3 LINC00507 FREM3
hIVSCC-MET,720856370,H18.03.313.11.14.01.04,right,STG,H18.03.313,H18.03.313,F,23 yrs,White or Caucasian,epilepsy,,spiny,intact,,,421,720856351,SM-GE5TO_S104_E1-50,RSC-169,,Exc L2 LAMP5 LTK
hIVSCC-MET,720862326,H18.03.313.11.22.01.06,right,STG,H18.03.313,H18.03.313,F,23 yrs,White or Caucasian,epilepsy,,spiny,intact,dendrite-only,0.164154080803909,467,720862313,SM-GE5TO_S116_E1-50,RSC-169,,Exc L2-3 LINC00507 FREM3
hIVSCC-MET,720864605,H18.03.313.11.19.01.07,right,STG,H18.03.313,H18.03.313,F,23 yrs,White or Caucasian,epilepsy,,spiny,notchecked,,,173,720864592,SM-GE5TO_S137_E1-50,RSC-169,,Exc L2-3 LINC00507 FREM3
hIVSCC-MET,720871158,H18.03.313.11.22.01.08,right,STG,H18.03.313,H18.03.313,F,23 yrs,White or Caucasian,epilepsy,,spiny,intact,dendrite-only,0.201283337316935,646,720871145,SM-GE5TO_S118_E1-50,RSC-169,,Exc L2-3 LINC00507 FREM3
hIVSCC-MET,720878801,H18.03.313.11.14.01.07,right,STG,H18.03.313,H18.03.313,F,23 yrs,White or Caucasian,epilepsy,,spiny,intact,dendrite-only,0.161558877085435,415,720878765,SM-GE5TO_S107_E1-50,RSC-169,,Exc L2-3 LINC00507 FREM3
hIVSCC-MET,721550181,H18.03.313.11.06.01.01,right,STG,H18.03.313,H18.03.313,F,23 yrs,White or Caucasian,epilepsy,,spiny,notchecked,,,278,721549850,SM-GE5TO_S158_E1-50,RSC-169,,Exc L2-3 LINC00507 FREM3
hIVSCC-MET,721571303,H18.03.313.11.04.01.02,right,STG,H18.03.313,H18.03.313,F,23 yrs,White or Caucasian,epilepsy,,spiny,notchecked,,,915,721570928,SM-GE5TO_S167_E1-50,RSC-169,,Exc L2 LAMP5 LTK
hIVSCC-MET,727397265,H18.06.362.11.14.01.02,right,SFG,H18.06.362,H18.06.362,F,63 yrs,,tumor,,spiny,notchecked,,,,727397252,SM-GE8YR_S154_E1-50,RSC-171,,Exc L2-3 LINC00507 FREM3
hIVSCC-MET,732048784,H18.03.314.11.06.01.01,right,MTG,H18.03.314,H18.03.314,M,31 yrs,White or Caucasian,epilepsy,,spiny,notchecked,,,355,732048771,SM-GE8YK_S028_E1-50,RSC-172,,Exc L2-3 LINC00507 FREM3
hIVSCC-MET,732056449,H18.03.314.11.05.01.02,right,MTG,H18.03.314,H18.03.314,M,31 yrs,White or Caucasian,epilepsy,,spiny,notchecked,,,435,732056436,SM-GE8YI_S080_E1-50,RSC-172,,Exc L2-3 LINC00507 FREM3
hIVSCC-MET,732063466,H18.03.314.11.06.01.02,right,MTG,H18.03.314,H18.03.314,M,31 yrs,White or Caucasian,epilepsy,,spiny,notchecked,,,390,732063450,SM-GE8YK_S029_E1-50,RSC-172,,Exc L2-3 LINC00507 FREM3
hIVSCC-MET,732080894,H18.03.314.11.06.01.03,right,MTG,H18.03.314,H18.03.314,M,31 yrs,White or Caucasian,epilepsy,,spiny,notchecked,,,696,732080877,SM-GE8YK_S030_E1-50,RSC-172,,Exc L2-3 LINC00507 FREM3
hIVSCC-MET,732089282,H18.03.314.11.10.01.04,right,MTG,H18.03.314,H18.03.314,M,31 yrs,White or Caucasian,epilepsy,,spiny,truncated,,,1081,732089196,SM-GE8YK_S048_E1-50,RSC-172,,Exc L3-5 RORB COL22A1
hIVSCC-MET,732091953,H18.03.314.11.06.01.04,right,MTG,H18.03.314,H18.03.314,M,31 yrs,White or Caucasian,epilepsy,,spiny,notchecked,,,331,732091715,SM-GE8YK_S031_E1-50,RSC-172,,Exc L2-3 LINC00507 FREM3
hIVSCC-MET,732096147,H18.03.314.11.05.01.05,right,MTG,H18.03.314,H18.03.314,M,31 yrs,White or Caucasian,epilepsy,,spiny,notchecked,,,438,732095848,SM-GE8YI_S083_E1-50,RSC-172,,Exc L2-3 LINC00507 FREM3
hIVSCC-MET,732101774,H18.03.314.11.06.01.05,right,MTG,H18.03.314,H18.03.314,M,31 yrs,White or Caucasian,epilepsy,,spiny,truncated,,,1286,732101760,SM-GE8YK_S032_E1-50,RSC-172,,Exc L2-3 LINC00507 FREM3
hIVSCC-MET,732113372,H18.03.314.11.06.01.06,right,MTG,H18.03.314,H18.03.314,M,31 yrs,White or Caucasian,epilepsy,,spiny,truncated,,,680,732113347,SM-GE8YK_S033_E1-50,RSC-172,,Exc L2-3 LINC00507 FREM3
hIVSCC-MET,732127678,H18.03.314.11.10.01.07,right,MTG,H18.03.314,H18.03.314,M,31 yrs,White or Caucasian,epilepsy,,spiny,notchecked,,,286,732127660,SM-GE8YK_S050_E1-50,RSC-172,,Exc L2 LAMP5 LTK
hIVSCC-MET,732150069,H18.03.314.11.06.01.09,right,MTG,H18.03.314,H18.03.314,M,31 yrs,White or Caucasian,epilepsy,,spiny,truncated,,,484,732150053,SM-GE8YK_S036_E1-50,RSC-172,,Exc L2-3 LINC00507 FREM3
hIVSCC-MET,732159495,H18.03.314.11.05.01.09,right,MTG,H18.03.314,H18.03.314,M,31 yrs,White or Caucasian,epilepsy,,spiny,notchecked,,,257,732159482,SM-GE8YI_S087_E1-50,RSC-172,,Exc L2-3 LINC00507 FREM3
hIVSCC-MET,732170615,H18.03.314.11.06.01.10,right,MTG,H18.03.314,H18.03.314,M,31 yrs,White or Caucasian,epilepsy,,spiny,truncated,,,1124,732170598,SM-GE8YK_S037_E1-50,RSC-172,,Exc L2-3 LINC00507 FREM3
hIVSCC-MET,732197499,H18.03.314.11.10.01.13,right,MTG,H18.03.314,H18.03.314,M,31 yrs,White or Caucasian,epilepsy,,spiny,notchecked,,,1349,732197486,SM-GE8YK_S054_E1-50,RSC-172,,Exc L3-4 RORB CARM1P1
hIVSCC-MET,732204556,H18.03.314.11.10.01.14,right,MTG,H18.03.314,H18.03.314,M,31 yrs,White or Caucasian,epilepsy,,spiny,notchecked,,,895,732204543,SM-GE8YK_S055_E1-50,RSC-172,,Exc L2-3 LINC00507 FREM3
hIVSCC-MET,732477523,H18.03.314.11.15.01.01,right,MTG,H18.03.314,H18.03.314,M,31 yrs,White or Caucasian,epilepsy,,spiny,notchecked,,,431,732477219,SM-GE8YK_S078_E1-50,RSC-172,,Exc L2-3 LINC00507 FREM3
hIVSCC-MET,732765359,H18.03.314.11.26.01.03,right,MTG,H18.03.314,H18.03.314,M,31 yrs,White or Caucasian,epilepsy,,spiny,notchecked,,,588,732765244,SM-GE8YK_S071_E1-50,RSC-172,,Exc L2-4 LINC00507 GLP2R
hIVSCC-MET,732773465,H18.03.314.11.15.01.02,right,MTG,H18.03.314,H18.03.314,M,31 yrs,White or Caucasian,epilepsy,,spiny,truncated,,,767,732773423,SM-GE8YK_S079_E1-50,RSC-172,,Exc L2-3 LINC00507 FREM3
hIVSCC-MET,732782649,H18.03.314.11.26.01.04,right,MTG,H18.03.314,H18.03.314,M,31 yrs,White or Caucasian,epilepsy,,spiny,truncated,,,435,732782531,SM-GE8YK_S072_E1-50,RSC-172,,Exc L2-3 LINC00507 FREM3
hIVSCC-MET,732791579,H18.03.314.11.15.01.04,right,MTG,H18.03.314,H18.03.314,M,31 yrs,White or Caucasian,epilepsy,,spiny,notchecked,,,1033,732791475,SM-GE8YK_S081_E1-50,RSC-172,,Exc L2-3 LINC00507 FREM3
hIVSCC-MET,737089555,H18.03.315.11.11.01.01,right,MTG,H18.03.315,H18.03.315,M,40 yrs,,epilepsy,,spiny,intact,dendrite-only,0.134164752647104,487,737089415,SM-GE8YB_S086_E1-50,RSC-173,,Exc L2-3 LINC00507 FREM3
hIVSCC-MET,737133884,H18.03.315.11.12.01.02,right,MTG,H18.03.315,H18.03.315,M,40 yrs,,epilepsy,,spiny,notchecked,,,701,737133722,SM-GE8YB_S067_E1-50,RSC-173,,Exc L2-4 LINC00507 GLP2R
hIVSCC-MET,737134157,H18.03.315.11.11.01.02,right,MTG,H18.03.315,H18.03.315,M,40 yrs,,epilepsy,,spiny,intact,dendrite-only,0.188707065031482,670,737134060,SM-GE8YB_S087_E1-50,RSC-173,,Exc L2-3 LINC00507 FREM3
hIVSCC-MET,737158657,H18.03.315.11.11.01.03,right,MTG,H18.03.315,H18.03.315,M,40 yrs,,epilepsy,,spiny,intact,dendrite-only,0.274434285580075,1037,737158405,SM-GE8YB_S088_E1-50,RSC-173,,Exc L2-3 LINC00507 FREM3
hIVSCC-MET,737192130,H18.03.315.11.12.01.04,right,MTG,H18.03.315,H18.03.315,M,40 yrs,,epilepsy,,spiny,notchecked,,,415,737191617,SM-GE8YB_S069_E1-50,RSC-173,,Exc L2 LAMP5 LTK
hIVSCC-MET,737279230,H18.03.315.11.12.01.05,right,MTG,H18.03.315,H18.03.315,M,40 yrs,,epilepsy,,spiny,notchecked,,,629,737279146,SM-GE8YB_S070_E1-50,RSC-173,,Exc L2-3 LINC00507 FREM3
hIVSCC-MET,737279366,H18.03.315.11.11.01.04,right,MTG,H18.03.315,H18.03.315,M,40 yrs,,epilepsy,,spiny,notchecked,,,1234,737279297,SM-GE8YB_S089_E1-50,RSC-173,,Exc L2-4 LINC00507 GLP2R
hIVSCC-MET,737293981,H18.03.315.11.11.01.05,right,MTG,H18.03.315,H18.03.315,M,40 yrs,,epilepsy,,spiny,intact,dendrite-only,0.389468795353063,1491,737293859,SM-GE8YB_S090_E1-50,RSC-173,,Exc L3-5 RORB COL22A1
hIVSCC-MET,737294116,H18.03.315.11.12.01.06,right,MTG,H18.03.315,H18.03.315,M,40 yrs,,epilepsy,,spiny,notchecked,,,463,737294035,SM-GE8YB_S071_E1-50,RSC-173,,Exc L2-3 LINC00507 FREM3
hIVSCC-MET,737404146,H18.03.315.11.03.01.01,right,MTG,H18.03.315,H18.03.315,M,40 yrs,,epilepsy,,spiny,notchecked,,,,737404007,SM-GE8YB_S065_E1-50,RSC-173,,Exc L2-3 LINC00507 FREM3
hIVSCC-MET,737424303,H18.03.315.11.11.01.06,right,MTG,H18.03.315,H18.03.315,M,40 yrs,,epilepsy,,spiny,intact,dendrite-only,0.22993111905674,771,737424138,SM-GE8YB_S091_E1-50,RSC-173,,Exc L2-3 LINC00507 FREM3
hIVSCC-MET,737795966,H18.06.363.11.05.01.07,right,MTG,H18.06.363,H18.06.363,M,22 yrs,White or Caucasian,epilepsy,,spiny,truncated,,,1267,737795448,SM-GE8YB_S084_E1-50,RSC-173,,Exc L3-4 RORB CARM1P1
hIVSCC-MET,737820466,H18.06.363.11.06.02.01,right,MTG,H18.06.363,H18.06.363,M,22 yrs,White or Caucasian,epilepsy,,spiny,intact,dendrite-only,0.167486879734297,538,737820113,SM-GE8YF_S006_E1-50,RSC-173,,Exc L2-4 LINC00507 GLP2R
hIVSCC-MET,737988336,H18.06.363.11.15.02.02,right,MTG,H18.06.363,H18.06.363,M,22 yrs,White or Caucasian,epilepsy,,spiny,intact,dendrite-only,0.253796437278557,813,737988175,SM-GE8YF_S002_E1-50,RSC-173,,Exc L2-3 LINC00507 FREM3
hIVSCC-MET,738027231,H18.06.363.11.15.02.03,right,MTG,H18.06.363,H18.06.363,M,22 yrs,White or Caucasian,epilepsy,,spiny,truncated,,,785,738027216,SM-GE8YF_S003_E1-50,RSC-173,,Exc L3-5 RORB COL22A1
hIVSCC-MET,750842165,H18.03.316.11.16.01.04,left,STG,H18.03.316,H18.03.316,F,45 yrs,,epilepsy,,spiny,notchecked,,,630,750842149,SM-GE8XQ_S072_E1-50,RSC-177,,Exc L2 LAMP5 LTK
hIVSCC-MET,750844610,H18.03.316.11.11.01.03,left,STG,H18.03.316,H18.03.316,F,45 yrs,,epilepsy,,spiny,truncated,,,519,750844594,SM-GE8XQ_S086_E1-50,RSC-177,,Exc L2-4 LINC00507 GLP2R
hIVSCC-MET,758285403,H18.03.317.13.17.01.01,right,TemL,H18.03.317,H18.03.317,M,51 yrs,,epilepsy,,spiny,intact,dendrite-only,0.098306574642081,272,758285390,SM-GE5VJ_S047_E1-50,RSC-180,,Exc L2 LAMP5 LTK
hIVSCC-MET,758286194,H18.03.317.13.03.01.02,right,TemL,H18.03.317,H18.03.317,M,51 yrs,,epilepsy,,spiny,intact,dendrite-only,0.197327358002684,530,758286181,SM-GE5VJ_S068_E1-50,RSC-180,,Exc L2-4 LINC00507 GLP2R
hIVSCC-MET,758287531,H18.03.317.13.21.01.01,right,TemL,H18.03.317,H18.03.317,M,51 yrs,,epilepsy,,spiny,notchecked,,,319,758287364,SM-GE5VJ_S038_E1-50,RSC-180,,Exc L2 LAMP5 LTK
hIVSCC-MET,758294434,H18.03.317.13.18.01.01,right,TemL,H18.03.317,H18.03.317,M,51 yrs,,epilepsy,,spiny,notchecked,,,566,758294414,SM-GE5VJ_S078_E1-50,RSC-180,,Exc L2-4 LINC00507 GLP2R
hIVSCC-MET,758303274,H18.03.317.13.21.01.02,right,TemL,H18.03.317,H18.03.317,M,51 yrs,,epilepsy,,spiny,notchecked,,,145,758303261,SM-GE5VJ_S039_E1-50,RSC-180,,Exc L2 LAMP5 LTK
hIVSCC-MET,758305130,H18.03.317.13.03.01.03,right,TemL,H18.03.317,H18.03.317,M,51 yrs,,epilepsy,,spiny,notchecked,,,434,758305117,SM-GE5VJ_S069_E1-50,RSC-180,,Exc L2 LAMP5 LTK
hIVSCC-MET,758305325,H18.03.317.13.17.01.04,right,TemL,H18.03.317,H18.03.317,M,51 yrs,,epilepsy,,spiny,truncated,,,947,758305312,SM-GE5VJ_S050_E1-50,RSC-180,,Exc L3-5 RORB COL22A1
hIVSCC-MET,758306827,H18.03.317.13.22.01.03,right,TemL,H18.03.317,H18.03.317,M,51 yrs,,epilepsy,,spiny,notchecked,,,549,758306814,SM-GE5VJ_S061_E1-50,RSC-180,,Exc L2-4 LINC00507 GLP2R
hIVSCC-MET,758311049,H18.03.317.13.21.01.04,right,TemL,H18.03.317,H18.03.317,M,51 yrs,,epilepsy,,spiny,intact,,,329,758311025,SM-GE5VJ_S040_E1-50,RSC-180,,Exc L2-3 LINC00507 FREM3
hIVSCC-MET,758311336,H18.03.317.13.03.01.05,right,TemL,H18.03.317,H18.03.317,M,51 yrs,,epilepsy,,spiny,intact,dendrite-only,0.365616230138157,1110,758311319,SM-GE5VJ_S071_E1-50,RSC-180,,Exc L2-4 LINC00507 GLP2R
hIVSCC-MET,758312441,H18.03.317.13.17.01.06,right,TemL,H18.03.317,H18.03.317,M,51 yrs,,epilepsy,,spiny,intact,dendrite-only,0.394971719068936,1213,758312428,SM-GE5VJ_S052_E1-50,RSC-180,,Exc L3-5 RORB COL22A1
hIVSCC-MET,758319694,H18.03.317.13.03.01.07,right,TemL,H18.03.317,H18.03.317,M,51 yrs,,epilepsy,,spiny,intact,dendrite-only,0.169759008711541,520,758319675,SM-GE5VJ_S073_E1-50,RSC-180,,Exc L2 LAMP5 LTK
hIVSCC-MET,758323401,H18.03.317.13.03.01.08,right,TemL,H18.03.317,H18.03.317,M,51 yrs,,epilepsy,,spiny,intact,dendrite-only,0.2202475101937,665,758323387,SM-GE5VJ_S074_E1-50,RSC-180,,Exc L2-4 LINC00507 GLP2R
hIVSCC-MET,758523114,H18.03.317.13.23.01.01,right,TemL,H18.03.317,H18.03.317,M,51 yrs,,epilepsy,,spiny,notchecked,,,716,758522739,SM-GE5VJ_S087_E1-50,RSC-180,,Exc L2 LAMP5 LTK
hIVSCC-MET,758662211,H18.03.317.13.12.01.02,right,TemL,H18.03.317,H18.03.317,M,51 yrs,,epilepsy,,spiny,notchecked,,,330,758661907,SM-GE5VJ_S095_E1-50,RSC-180,,Exc L2-3 LINC00507 FREM3
hIVSCC-MET,758704376,H18.03.317.13.04.01.02,right,TemL,H18.03.317,H18.03.317,M,51 yrs,,epilepsy,,spiny,notchecked,,,360,758704139,SM-GE5V9_S111_E1-50,RSC-181,,Exc L2 LAMP5 LTK
hIVSCC-MET,758763848,H18.03.317.13.04.01.04,right,TemL,H18.03.317,H18.03.317,M,51 yrs,,epilepsy,,spiny,notchecked,,,230,758763787,SM-GE5V9_S121_E1-50,RSC-181,,Exc L2-3 LINC00507 FREM3
hIVSCC-MET,758785576,H18.03.317.13.13.01.03,right,TemL,H18.03.317,H18.03.317,M,51 yrs,,epilepsy,,spiny,notchecked,,,542,758785479,SM-GE5V9_S133_E1-50,RSC-181,,Exc L2-3 LINC00507 FREM3
hIVSCC-MET,758816993,H18.03.317.12.16.01.02,right,TemL,H18.03.317,H18.03.317,M,51 yrs,,epilepsy,,spiny,intact,dendrite-only,0.244878693872215,749,758816905,SM-GE5V9_S127_E1-50,RSC-181,,Exc L2-3 LINC00507 FREM3
hIVSCC-MET,758834844,H18.03.317.13.13.01.04,right,TemL,H18.03.317,H18.03.317,M,51 yrs,,epilepsy,,spiny,notchecked,,,384,758834763,SM-GE5V9_S134_E1-50,RSC-181,,Exc L2-3 LINC00507 FREM3
hIVSCC-MET,758834888,H18.03.317.12.16.01.03,right,TemL,H18.03.317,H18.03.317,M,51 yrs,,epilepsy,,spiny,notchecked,,,814,758834873,SM-GE5V9_S128_E1-50,RSC-181,,Exc L2-4 LINC00507 GLP2R
hIVSCC-MET,758967755,H18.03.317.13.05.01.01,right,TemL,H18.03.317,H18.03.317,M,51 yrs,,epilepsy,,spiny,intact,dendrite-only,0.171546826683729,568,758967664,SM-GE5V9_S123_E1-50,RSC-181,,Exc L2-3 LINC00507 FREM3
hIVSCC-MET,758996848,H18.03.317.12.16.01.07,right,TemL,H18.03.317,H18.03.317,M,51 yrs,,epilepsy,,spiny,intact,dendrite-only,0.267655678661515,802,758996791,SM-GE5V9_S131_E1-50,RSC-181,,Exc L2 LAMP5 LTK
hIVSCC-MET,760409193,H18.06.365.11.08.01.02,left,MFG,H18.06.365,H18.06.365,F,31 yrs,,tumor,,spiny,notchecked,,,,760408934,SM-GE5VE_S072_E1-50,RSC-181,,Exc L3-5 RORB COL22A1
hIVSCC-MET,766793848,H18.06.366.15.19.01.02,right,MTG,H18.06.366,H18.06.366,M,38 yrs,,epilepsy,,spiny,notchecked,,,479,766793835,SM-GE5UQ_S135_E1-50,RSC-184,,Exc L2-3 LINC00507 FREM3
hIVSCC-MET,767061167,H18.06.366.15.18.01.02,right,MTG,H18.06.366,H18.06.366,M,38 yrs,,epilepsy,,spiny,truncated,,,1254,767061006,SM-GE5UQ_S127_E1-50,RSC-184,,Exc L2 LAMP5 LTK
hIVSCC-MET,767160629,H18.06.366.15.16.02.02,right,MTG,H18.06.366,H18.06.366,M,38 yrs,,epilepsy,,spiny,notchecked,,,1286,767160451,SM-GE5UQ_S164_E1-50,RSC-184,,Exc L2-3 LINC00507 FREM3
hIVSCC-MET,767415421,H18.03.318.11.09.01.02,right,MTG,H18.03.318,H18.03.318,F,60 yrs,,epilepsy,,spiny,intact,dendrite-only,0.192162189592092,696,767415408,SM-GE5UQ_S159_E1-50,RSC-184,,Exc L2-3 LINC00507 FREM3
hIVSCC-MET,767422070,H18.03.318.11.09.01.04,right,MTG,H18.03.318,H18.03.318,F,60 yrs,,epilepsy,,spiny,intact,dendrite-only,0.316136814131356,1109,767421958,SM-GE5UQ_S160_E1-50,RSC-184,,Exc L2-3 LINC00507 FREM3
hIVSCC-MET,767433014,H18.03.318.11.09.01.08,right,MTG,H18.03.318,H18.03.318,F,60 yrs,,epilepsy,,spiny,intact,dendrite-only,0.199030091386681,723,767433000,SM-GE5UQ_S163_E1-50,RSC-184,,Exc L2-3 LINC00507 FREM3
hIVSCC-MET,767829778,H18.03.318.11.17.01.02,right,MTG,H18.03.318,H18.03.318,F,60 yrs,,epilepsy,,spiny,intact,dendrite-only,0.0994094695414601,321,767829614,SM-GE5UQ_S155_E1-50,RSC-184,,Exc L2 LAMP5 LTK
hIVSCC-MET,768819569,H18.06.367.11.13.01.01,right,MTG,H18.06.367,H18.06.367,M,58 yrs,,tumor,,spiny,intact,dendrite-only,0.218341708706655,502,768819554,SM-GE5UQ_S171_E1-50,RSC-184,,Exc L2 LAMP5 LTK
hIVSCC-MET,768848167,H18.06.367.11.13.01.02,right,MTG,H18.06.367,H18.06.367,M,58 yrs,,tumor,,spiny,intact,dendrite-only,0.330967043261365,980,768848080,SM-GE5UQ_S172_E1-50,RSC-184,,Exc L2-3 LINC00507 FREM3
hIVSCC-MET,768848534,H18.06.367.11.03.01.01,right,MTG,H18.06.367,H18.06.367,M,58 yrs,,tumor,,spiny,notchecked,,,395,768848501,SM-GE5UQ_S192_E1-50,RSC-184,,Exc L2-3 LINC00507 FREM3
hIVSCC-MET,768852834,H18.06.367.11.13.01.03,right,MTG,H18.06.367,H18.06.367,M,58 yrs,,tumor,,spiny,truncated,,,1433,768852808,SM-GE5UQ_S173_E1-50,RSC-184,,Exc L3-5 RORB COL22A1
hIVSCC-MET,768857541,H18.06.367.11.11.01.02,right,MTG,H18.06.367,H18.06.367,M,58 yrs,,tumor,,spiny,notchecked,,,368,768857387,SM-GE5UQ_S182_E1-50,RSC-184,,Exc L2 LAMP5 LTK
hIVSCC-MET,768860866,H18.06.367.11.13.01.04,right,MTG,H18.06.367,H18.06.367,M,58 yrs,,tumor,,spiny,truncated,,,1510,768860839,SM-GE5UQ_S174_E1-50,RSC-184,,Exc L3-4 RORB CARM1P1
hIVSCC-MET,768866114,H18.06.367.11.11.01.03,right,MTG,H18.06.367,H18.06.367,M,58 yrs,,tumor,,spiny,notchecked,,,776,768866077,SM-GE5UQ_S183_E1-50,RSC-184,,Exc L2-4 LINC00507 GLP2R
hIVSCC-MET,768867010,H18.06.367.11.17.01.03,right,MTG,H18.06.367,H18.06.367,M,58 yrs,,tumor,,spiny,intact,dendrite-only,0.290139010138455,784,768866897,SM-GE5UQ_S187_E1-50,RSC-184,,Exc L2-3 LINC00507 FREM3
hIVSCC-MET,768875010,H18.06.367.11.13.01.06,right,MTG,H18.06.367,H18.06.367,M,58 yrs,,tumor,,spiny,truncated,,,1625,768874978,SM-GE5UQ_S176_E1-50,RSC-184,,Exc L2-4 LINC00507 GLP2R
hIVSCC-MET,768885440,H18.06.367.11.17.01.05,right,MTG,H18.06.367,H18.06.367,M,58 yrs,,tumor,,spiny,intact,dendrite-only,0.35412427411355,850,768885416,SM-GE5UQ_S188_E1-50,RSC-184,,Exc L2-3 LINC00507 FREM3
hIVSCC-MET,768891309,H18.06.367.11.13.01.07,right,MTG,H18.06.367,H18.06.367,M,58 yrs,,tumor,,spiny,truncated,,,1276,768891275,SM-GE5UQ_S177_E1-50,RSC-184,,Exc L3-4 RORB CARM1P1
hIVSCC-MET,768897784,H18.06.367.11.13.01.09,right,MTG,H18.06.367,H18.06.367,M,58 yrs,,tumor,,spiny,truncated,,,1354,768897743,SM-GE5UQ_S179_E1-50,RSC-184,,Exc L2-3 LINC00507 FREM3
hIVSCC-MET,768899667,H18.06.367.11.13.01.10,right,MTG,H18.06.367,H18.06.367,M,58 yrs,,tumor,,spiny,notchecked,,,681,768899634,SM-GE5UQ_S180_E1-50,RSC-184,,Exc L2-4 LINC00507 GLP2R
hIVSCC-MET,768904007,H18.06.367.11.13.01.11,right,MTG,H18.06.367,H18.06.367,M,58 yrs,,tumor,,spiny,intact,dendrite-only,0.446826239482415,1213,768903979,SM-GE5UQ_S181_E1-50,RSC-184,,Exc L3-5 RORB COL22A1
hIVSCC-MET,769228370,H18.06.367.11.19.01.01,right,MTG,H18.06.367,H18.06.367,M,58 yrs,,tumor,,spiny,intact,dendrite-only,0.206856635704462,578,769228073,SM-GE5U8_S006_E1-50,RSC-186,,Exc L2-4 LINC00507 GLP2R
hIVSCC-MET,769293848,H18.06.367.11.19.01.02,right,MTG,H18.06.367,H18.06.367,M,58 yrs,,tumor,,spiny,notchecked,,,749,769293657,SM-GE5U8_S007_E1-50,RSC-186,,Exc L3-4 RORB CARM1P1
hIVSCC-MET,770249790,H18.03.319.11.10.01.01,right,MTG,H18.03.319,H18.03.319,M,36 yrs,,epilepsy,,spiny,notchecked,,,283,770249773,SM-GE5U8_S051_E1-50,RSC-186,,Exc L2-3 LINC00507 FREM3
hIVSCC-MET,770255008,H18.03.319.11.18.01.02,right,MTG,H18.03.319,H18.03.319,M,36 yrs,,epilepsy,,spiny,intact,dendrite-only,0.363624531374978,999,770254746,SM-GE5U8_S036_E1-50,RSC-186,,Exc L3-4 RORB CARM1P1
hIVSCC-MET,770255641,H18.03.319.11.19.01.02,right,MTG,H18.03.319,H18.03.319,M,36 yrs,,epilepsy,,spiny,intact,dendrite-only,0.202661001110941,606,770255570,SM-GE5U8_S064_E1-50,RSC-186,,Exc L2-3 LINC00507 FREM3
hIVSCC-MET,770268354,H18.03.319.11.10.01.03,right,MTG,H18.03.319,H18.03.319,M,36 yrs,,epilepsy,,spiny,notchecked,,,913,770268132,SM-GE5U8_S052_E1-50,RSC-186,,Exc L2-3 LINC00507 FREM3
hIVSCC-MET,770268817,H18.03.319.11.19.01.03,right,MTG,H18.03.319,H18.03.319,M,36 yrs,,epilepsy,,spiny,intact,dendrite-only,0.255420287588724,786,770268530,SM-GE5U8_S065_E1-50,RSC-186,,Exc L2-4 LINC00507 GLP2R
hIVSCC-MET,770275637,H18.03.319.11.10.01.04,right,MTG,H18.03.319,H18.03.319,M,36 yrs,,epilepsy,,spiny,notchecked,,,366,770275508,SM-GE5U8_S053_E1-50,RSC-186,,Exc L2 LAMP5 LTK
hIVSCC-MET,770275864,H18.03.319.11.19.01.04,right,MTG,H18.03.319,H18.03.319,M,36 yrs,,epilepsy,,spiny,intact,dendrite-only,0.11372932195535,231,770275704,SM-GE5U8_S066_E1-50,RSC-186,,Exc L2 LAMP5 LTK
hIVSCC-MET,770307286,H18.03.319.11.19.01.05,right,MTG,H18.03.319,H18.03.319,M,36 yrs,,epilepsy,,spiny,intact,dendrite-only,0.190919823777324,470,770307186,SM-GE5U8_S067_E1-50,RSC-186,,Exc L2-3 LINC00507 FREM3
hIVSCC-MET,770320417,H18.03.319.11.14.01.02,right,MTG,H18.03.319,H18.03.319,M,36 yrs,,epilepsy,,spiny,truncated,,,592,770320403,SM-GE5U8_S023_E1-50,RSC-186,,Exc L2-3 LINC00507 FREM3
hIVSCC-MET,770337451,H18.03.319.11.19.01.06,right,MTG,H18.03.319,H18.03.319,M,36 yrs,,epilepsy,,spiny,intact,dendrite-only,0.214219041839644,557,770337117,SM-GE5U8_S068_E1-50,RSC-186,,Exc L2-3 LINC00507 FREM3
hIVSCC-MET,770369798,H18.03.319.11.19.01.07,right,MTG,H18.03.319,H18.03.319,M,36 yrs,,epilepsy,,spiny,intact,dendrite-only,0.311510946235194,906,770369639,SM-GE5U8_S069_E1-50,RSC-186,,Exc L2-3 LINC00507 FREM3
hIVSCC-MET,770402036,H18.03.319.11.20.01.05,right,MTG,H18.03.319,H18.03.319,M,36 yrs,,epilepsy,,spiny,intact,dendrite-only,0.310788825766797,792,770401953,SM-GE5U8_S059_E1-50,RSC-186,,Exc L2-4 LINC00507 GLP2R
hIVSCC-MET,770414962,H18.03.319.11.20.01.06,right,MTG,H18.03.319,H18.03.319,M,36 yrs,,epilepsy,,spiny,notchecked,,,1122,770414910,SM-GE5U8_S060_E1-50,RSC-186,,Exc L3-5 RORB COL22A1
hIVSCC-MET,770466523,H18.03.319.11.10.01.06,right,MTG,H18.03.319,H18.03.319,M,36 yrs,,epilepsy,,spiny,notchecked,,,330,770466500,SM-GE5U8_S054_E1-50,RSC-186,,Exc L2 LAMP5 LTK
hIVSCC-MET,770466619,H18.03.319.11.19.01.10,right,MTG,H18.03.319,H18.03.319,M,36 yrs,,epilepsy,,spiny,truncated,,0.26401050449352,532,770466547,SM-GE5U8_S070_E1-50,RSC-186,,Exc L2-3 LINC00507 FREM3
hIVSCC-MET,770511487,H18.03.319.11.10.01.07,right,MTG,H18.03.319,H18.03.319,M,36 yrs,,epilepsy,,spiny,notchecked,,,1426,770511337,SM-GE5U8_S055_E1-50,RSC-186,,Exc L2-3 LINC00507 FREM3
hIVSCC-MET,770516177,H18.03.319.11.14.01.04,right,MTG,H18.03.319,H18.03.319,M,36 yrs,,epilepsy,,spiny,intact,dendrite-only,0.111737590976341,274,770516164,SM-GE5U8_S025_E1-50,RSC-186,,Exc L2-3 LINC00507 FREM3
hIVSCC-MET,770544209,H18.03.319.11.14.01.05,right,MTG,H18.03.319,H18.03.319,M,36 yrs,,epilepsy,,spiny,intact,,,281,770544130,SM-GE5U8_S026_E1-50,RSC-186,,Exc L2-3 LINC00507 FREM3
hIVSCC-MET,770581916,H18.03.319.11.14.01.06,right,MTG,H18.03.319,H18.03.319,M,36 yrs,,epilepsy,,spiny,notchecked,,,476,770581820,SM-GE5U8_S027_E1-50,RSC-186,,Exc L2-4 LINC00507 GLP2R
hIVSCC-MET,770611301,H18.03.319.11.19.01.14,right,MTG,H18.03.319,H18.03.319,M,36 yrs,,epilepsy,,spiny,intact,dendrite-only,0.270455077765329,796,770611279,SM-GE5U8_S072_E1-50,RSC-186,,Exc L2-4 LINC00507 GLP2R
hIVSCC-MET,770611354,H18.03.319.11.14.01.07,right,MTG,H18.03.319,H18.03.319,M,36 yrs,,epilepsy,,spiny,truncated,,,404,770611326,SM-GE5U8_S028_E1-50,RSC-186,,Exc L2 LAMP5 LTK
hIVSCC-MET,770645883,H18.03.319.11.14.01.08,right,MTG,H18.03.319,H18.03.319,M,36 yrs,,epilepsy,,spiny,intact,dendrite-only,0.124024844224235,363,770645870,SM-GE5U8_S029_E1-50,RSC-186,,Exc L2-3 LINC00507 FREM3
hIVSCC-MET,770650205,H18.03.319.11.14.01.09,right,MTG,H18.03.319,H18.03.319,M,36 yrs,,epilepsy,,spiny,intact,dendrite-only,0.151948984251067,334,770650192,SM-GE5U8_S030_E1-50,RSC-186,,Exc L2-3 LINC00507 FREM3
hIVSCC-MET,770658546,H18.03.319.11.14.01.10,right,MTG,H18.03.319,H18.03.319,M,36 yrs,,epilepsy,,spiny,intact,dendrite-only,0.143852092131977,354,770658533,SM-GE5U8_S031_E1-50,RSC-186,,Exc L2-3 LINC00507 FREM3
hIVSCC-MET,770662671,H18.03.319.11.14.01.11,right,MTG,H18.03.319,H18.03.319,M,36 yrs,,epilepsy,,spiny,notchecked,,,421,770662658,SM-GE5U8_S032_E1-50,RSC-186,,Exc L2 LAMP5 LTK
hIVSCC-MET,774350590,H18.03.320.11.06.01.01,left,MTG,H18.03.320,H18.03.320,M,34 yrs,,epilepsy,,spiny,notchecked,,,309,774350500,SM-GE8WI_S149_E1-50,RSC-187,,Exc L2 LAMP5 LTK
hIVSCC-MET,774356649,H18.03.320.11.07.01.02,left,MTG,H18.03.320,H18.03.320,M,34 yrs,,epilepsy,,spiny,notchecked,,,,774356586,SM-GE8WI_S151_E1-50,RSC-187,,Exc L3-4 RORB CARM1P1
hIVSCC-MET,774378959,H18.03.320.11.06.01.02,left,MTG,H18.03.320,H18.03.320,M,34 yrs,,epilepsy,,spiny,notchecked,,,514,774378831,SM-GE8WI_S150_E1-50,RSC-187,,Exc L2-4 LINC00507 GLP2R
hIVSCC-MET,774399058,H18.03.320.11.08.01.01,left,MTG,H18.03.320,H18.03.320,M,34 yrs,,epilepsy,,spiny,truncated,,,,774398998,SM-GE8WI_S142_E1-50,RSC-187,,Exc L2-3 LINC00507 FREM3
hIVSCC-MET,774416149,H18.03.320.11.08.01.02,left,MTG,H18.03.320,H18.03.320,M,34 yrs,,epilepsy,,spiny,intact,,,,774415993,SM-GE8WI_S143_E1-50,RSC-187,,Exc L2-3 LINC00507 FREM3
hIVSCC-MET,774420848,H18.03.320.11.07.02.01,left,MTG,H18.03.320,H18.03.320,M,34 yrs,,epilepsy,,spiny,intact,dendrite-only,0.418204584507407,517,774420835,SM-GE8WI_S156_E1-50,RSC-187,,Exc L2-3 LINC00507 FREM3
hIVSCC-MET,774421995,H18.03.320.11.07.02.02,left,MTG,H18.03.320,H18.03.320,M,34 yrs,,epilepsy,,spiny,intact,dendrite-only,0.383737821258478,818,774421971,SM-GE8WI_S157_E1-50,RSC-187,,Exc L3-4 RORB CARM1P1
hIVSCC-MET,774429713,H18.03.320.11.07.02.04,left,MTG,H18.03.320,H18.03.320,M,34 yrs,,epilepsy,,spiny,truncated,,,,774429668,SM-GE8WI_S159_E1-50,RSC-187,,Exc L2-3 LINC00507 FREM3
hIVSCC-MET,774620186,H18.03.320.11.08.01.03,left,MTG,H18.03.320,H18.03.320,M,34 yrs,,epilepsy,,spiny,intact,dendrite-only,0.22392771739837,428,774619846,SM-GE8WI_S144_E1-50,RSC-187,,Exc L2-3 LINC00507 FREM3
hIVSCC-MET,774631985,H18.03.320.11.08.01.04,left,MTG,H18.03.320,H18.03.320,M,34 yrs,,epilepsy,,spiny,truncated,,,897,774631795,SM-GE8WI_S145_E1-50,RSC-187,,Exc L2-3 LINC00507 FREM3
hIVSCC-MET,783585601,H18.06.368.12.03.01.01,left,MTG,H18.06.368,H18.06.368,M,59 yrs,White or Caucasian,epilepsy,,spiny,intact,dendrite-only,0.17114440881848,477,783585520,SM-GE5U1_S186_E1-50,RSC-188,,Exc L2-3 LINC00507 FREM3
hIVSCC-MET,783585742,H18.06.368.12.16.01.01,left,MTG,H18.06.368,H18.06.368,M,59 yrs,White or Caucasian,epilepsy,,spiny,intact,dendrite-only,0.107946885286252,325,783585664,SM-GE5U1_S183_E1-50,RSC-188,,Exc L2 LAMP5 LTK
hIVSCC-MET,783615441,H18.06.368.12.03.01.02,left,MTG,H18.06.368,H18.06.368,M,59 yrs,White or Caucasian,epilepsy,,spiny,intact,dendrite-only,0.19526409574361,630,783615170,SM-GE5U1_S187_E1-50,RSC-188,,Exc L2-3 LINC00507 FREM3
hIVSCC-MET,783624438,H18.06.368.11.02.01.01,left,MTG,H18.06.368,H18.06.368,M,59 yrs,White or Caucasian,epilepsy,,spiny,intact,dendrite-only,0.109579100187719,276,783624413,SM-GE5U1_S179_E1-50,RSC-188,,Exc L2-3 LINC00507 FREM3
hIVSCC-MET,783698501,H18.06.368.11.14.01.02,left,MTG,H18.06.368,H18.06.368,M,59 yrs,White or Caucasian,epilepsy,,spiny,intact,dendrite-only,0.235931766673582,643,783698483,SM-GE5U1_S191_E1-50,RSC-188,,Exc L2-3 LINC00507 FREM3
hIVSCC-MET,785378321,H18.06.368.12.03.01.03,left,MTG,H18.06.368,H18.06.368,M,59 yrs,White or Caucasian,epilepsy,,spiny,intact,dendrite-only,0.131084099405461,358,785378254,SM-GE5U1_S188_E1-50,RSC-188,,Exc L2-3 LINC00507 FREM3
hIVSCC-MET,785379684,H18.06.368.12.03.01.06,left,MTG,H18.06.368,H18.06.368,M,59 yrs,White or Caucasian,epilepsy,,spiny,intact,dendrite-only,0.370287359055591,1102,785379621,SM-GE5U1_S190_E1-50,RSC-188,,Exc L2-3 LINC00507 FREM3
hIVSCC-MET,786437731,H18.03.322.11.03.01.01,left,MTG,H18.03.322,H18.03.322,M,38 yrs,,epilepsy,,spiny,intact,,,434,786437712,SM-GE5PA_S146_E1-50,RSC-191,,Exc L2-3 LINC00507 FREM3
hIVSCC-MET,786443982,H18.03.322.11.11.01.02,left,MTG,H18.03.322,H18.03.322,M,38 yrs,,epilepsy,,spiny,truncated,,,1404,786443952,SM-GE5PA_S137_E1-50,RSC-191,,Exc L3-5 RORB COL22A1
hIVSCC-MET,786448035,H18.03.322.11.10.01.01,left,MTG,H18.03.322,H18.03.322,M,38 yrs,,epilepsy,,spiny,notchecked,,,372,786448011,SM-GE5PA_S123_E1-50,RSC-191,,Exc L2 LAMP5 LTK
hIVSCC-MET,786456546,H18.03.322.11.03.01.04,left,MTG,H18.03.322,H18.03.322,M,38 yrs,,epilepsy,,spiny,notchecked,,,378,786456524,SM-GE5PA_S148_E1-50,RSC-191,,Exc L2 LAMP5 LTK
hIVSCC-MET,786464137,H18.03.322.11.10.01.04,left,MTG,H18.03.322,H18.03.322,M,38 yrs,,epilepsy,,spiny,intact,dendrite-only,0.0781074214761455,244,786464112,SM-GE5PA_S124_E1-50,RSC-191,,Exc L2 LAMP5 LTK
hIVSCC-MET,786465214,H18.03.322.11.03.01.05,left,MTG,H18.03.322,H18.03.322,M,38 yrs,,epilepsy,,spiny,notchecked,,,794,786465191,SM-GE5PA_S149_E1-50,RSC-191,,Exc L2-3 LINC00507 FREM3
hIVSCC-MET,786472956,H18.03.322.11.10.01.05,left,MTG,H18.03.322,H18.03.322,M,38 yrs,,epilepsy,,spiny,intact,dendrite-only,0.139037182131787,428,786472934,SM-GE5PA_S125_E1-50,RSC-191,,Exc L2-3 LINC00507 FREM3
hIVSCC-MET,786484903,H18.03.322.11.10.01.06,left,MTG,H18.03.322,H18.03.322,M,38 yrs,,epilepsy,,spiny,intact,dendrite-only,0.156375640218628,468,786484807,SM-GE5PA_S126_E1-50,RSC-191,,Exc L2-3 LINC00507 FREM3
hIVSCC-MET,786497332,H18.03.322.11.03.01.08,left,MTG,H18.03.322,H18.03.322,M,38 yrs,,epilepsy,,spiny,intact,dendrite-only,0.131006918826572,437,786497311,SM-GE5PA_S151_E1-50,RSC-191,,Exc L2 LAMP5 LTK
hIVSCC-MET,786497938,H18.03.322.11.10.01.07,left,MTG,H18.03.322,H18.03.322,M,38 yrs,,epilepsy,,spiny,intact,dendrite-only,0.221075971648157,692,786497914,SM-GE5PA_S127_E1-50,RSC-191,,Exc L2-3 LINC00507 FREM3
hIVSCC-MET,786508373,H18.03.322.11.10.01.08,left,MTG,H18.03.322,H18.03.322,M,38 yrs,,epilepsy,,spiny,intact,dendrite-only,0.0808113074945092,294,786508339,SM-GE5PA_S128_E1-50,RSC-191,,Exc L2 LAMP5 LTK
hIVSCC-MET,786520776,H18.03.322.11.10.01.09,left,MTG,H18.03.322,H18.03.322,M,38 yrs,,epilepsy,,spiny,truncated,,,684,786520736,SM-GE5PA_S129_E1-50,RSC-191,,Exc L2-3 LINC00507 FREM3
hIVSCC-MET,787089230,H18.03.322.11.16.01.01,left,MTG,H18.03.322,H18.03.322,M,38 yrs,,epilepsy,,spiny,notchecked,,,265,787088903,SM-GE5PA_S160_E1-50,RSC-191,,Exc L2 LAMP5 LTK
hIVSCC-MET,787239157,H18.03.322.11.15.01.05,left,MTG,H18.03.322,H18.03.322,M,38 yrs,,epilepsy,,spiny,intact,dendrite-only,0.224723493401854,792,787239134,SM-GE5PA_S163_E1-50,RSC-191,,Exc L2-4 LINC00507 GLP2R
hIVSCC-MET,793375469,H18.06.371.13.05.01.01,left,MTG,H18.06.371,H18.06.371,M,28 yrs,White or Caucasian,epilepsy,,spiny,notchecked,,,1455,793375116,SM-GE5PA_S028_E1-50,RSC-191,,Exc L2-3 LINC00507 FREM3
hIVSCC-MET,793433676,H18.06.371.13.03.01.01,left,MTG,H18.06.371,H18.06.371,M,28 yrs,White or Caucasian,epilepsy,,spiny,notchecked,,,340,793433601,SM-GE5PA_S018_E1-50,RSC-191,,Exc L2-3 LINC00507 FREM3
hIVSCC-MET,793490645,H18.06.371.13.06.01.03,left,MTG,H18.06.371,H18.06.371,M,28 yrs,White or Caucasian,epilepsy,,spiny,intact,dendrite-only,0.14784881193025,448,793490523,SM-GE5PA_S001_E1-50,RSC-191,,Exc L2-3 LINC00507 FREM3
hIVSCC-MET,793518153,H18.06.371.13.03.01.03,left,MTG,H18.06.371,H18.06.371,M,28 yrs,White or Caucasian,epilepsy,,spiny,notchecked,,,551,793518028,SM-GE5PA_S020_E1-50,RSC-191,,Exc L2-3 LINC00507 FREM3
hIVSCC-MET,793523352,H18.06.371.13.06.01.04,left,MTG,H18.06.371,H18.06.371,M,28 yrs,White or Caucasian,epilepsy,,spiny,NA,,,1179,793523120,SM-GE5PA_S002_E1-50,RSC-191,,Exc L2-3 LINC00507 FREM3
hIVSCC-MET,793560315,H18.06.371.13.05.01.05,left,MTG,H18.06.371,H18.06.371,M,28 yrs,White or Caucasian,epilepsy,,spiny,notchecked,,,1191,793560108,SM-GE5PA_S031_E1-50,RSC-191,,Exc L2-3 LINC00507 FREM3
hIVSCC-MET,793615764,H18.06.371.13.05.01.07,left,MTG,H18.06.371,H18.06.371,M,28 yrs,White or Caucasian,epilepsy,,spiny,intact,full,,1127,793615707,SM-GE5PA_S032_E1-50,RSC-191,,Exc L2-3 LINC00507 FREM3
hIVSCC-MET,793647709,H18.06.371.13.06.01.08,left,MTG,H18.06.371,H18.06.371,M,28 yrs,White or Caucasian,epilepsy,,spiny,intact,dendrite-only,0.445516847602284,,793647652,SM-GE5PA_S006_E1-50,RSC-191,,Exc L3-5 RORB COL22A1
hIVSCC-MET,793696263,H18.06.371.13.05.01.10,left,MTG,H18.06.371,H18.06.371,M,28 yrs,White or Caucasian,epilepsy,,spiny,notchecked,,,1189,793696178,SM-GE5PA_S035_E1-50,RSC-191,,Exc L3-4 RORB CARM1P1
hIVSCC-MET,794208988,H18.06.371.13.12.01.02,left,MTG,H18.06.371,H18.06.371,M,28 yrs,White or Caucasian,epilepsy,,spiny,notchecked,,,593,794208661,SM-GE5PA_S047_E1-50,RSC-191,,Exc L2-3 LINC00507 FREM3
hIVSCC-MET,794246003,H18.06.371.13.12.01.03,left,MTG,H18.06.371,H18.06.371,M,28 yrs,White or Caucasian,epilepsy,,spiny,notchecked,,,511,794245838,SM-GE5PA_S048_E1-50,RSC-191,,Exc L2-3 LINC00507 FREM3
hIVSCC-MET,794276683,H18.06.371.13.09.01.01,left,MTG,H18.06.371,H18.06.371,M,28 yrs,White or Caucasian,epilepsy,,spiny,intact,dendrite-only,0.418894255210762,1202,794276651,SM-GE5PA_S056_E1-50,RSC-191,,Exc L3-4 RORB CARM1P1
hIVSCC-MET,794299406,H18.06.371.13.12.01.06,left,MTG,H18.06.371,H18.06.371,M,28 yrs,White or Caucasian,epilepsy,,spiny,notchecked,,,578,794299380,SM-GE5PA_S051_E1-50,RSC-191,,Exc L2-3 LINC00507 FREM3
hIVSCC-MET,797978191,H18.03.323.12.06.01.01,right,SFG,H18.03.323,H18.03.323,M,24 yrs,,epilepsy,,spiny,intact,dendrite-only,0.471308732234309,1016,797977721,SM-GE5PG_S061_E1-50,RSC-191,,Exc L3-5 RORB COL22A1
hIVSCC-MET,798173253,H18.03.323.11.10.02.01,right,SFG,H18.03.323,H18.03.323,M,24 yrs,,epilepsy,,spiny,notchecked,,,1141,798172866,SM-GE5PG_S035_E1-50,RSC-191,,Exc L3-5 RORB COL22A1
hIVSCC-MET,798257765,H18.03.323.12.06.01.05,right,SFG,H18.03.323,H18.03.323,M,24 yrs,,epilepsy,,spiny,notchecked,,,796,798257712,SM-GE5PG_S065_E1-50,RSC-191,,Exc L2-3 LINC00507 FREM3
hIVSCC-MET,805752524,H19.03.301.11.12.01.04,left,MTG,H19.03.301,H19.03.301,M,46 yrs,,epilepsy,,spiny,notchecked,,,1251,805752506,SM-GE5OW_S134_E1-50,RSC-193,,Exc L3-5 RORB COL22A1
hIVSCC-MET,805766558,H19.03.301.11.12.01.05,left,MTG,H19.03.301,H19.03.301,M,46 yrs,,epilepsy,,spiny,notchecked,,,1265,805766540,SM-GE5OW_S135_E1-50,RSC-193,,Exc L2-3 LINC00507 FREM3
hIVSCC-MET,805782243,H19.03.301.12.06.01.02,left,MTG,H19.03.301,H19.03.301,M,46 yrs,,epilepsy,,spiny,notchecked,,,,805782225,SM-GE5OW_S144_E1-50,RSC-193,,Exc L2-3 LINC00507 FREM3
hIVSCC-MET,811883255,H19.03.302.11.15.01.04,right,MTG,H19.03.302,H19.03.302,M,36 yrs,,,,spiny,truncated,,,1523,811883172,SM-GE5OG_S061_E1-50,RSC-195,,Exc L3-5 RORB COL22A1
hIVSCC-MET,811939096,H19.03.302.11.06.01.02,right,MTG,H19.03.302,H19.03.302,M,36 yrs,,,,spiny,intact,,,267,811939078,SM-GE5OG_S063_E1-50,RSC-195,,Exc L2-3 LINC00507 FREM3
hIVSCC-MET,811954359,H19.03.302.11.08.01.01,right,MTG,H19.03.302,H19.03.302,M,36 yrs,,,,spiny,truncated,,,1430,811954336,SM-GE5OG_S081_E1-50,RSC-195,,Exc L3-5 RORB COL22A1
hIVSCC-MET,813710031,H19.03.304.11.09.01.02,right,TemL,H19.03.304,H19.03.304,M,36 yrs,unknown,epilepsy,,spiny,notchecked,,,1224,813709961,SM-GE5O8_S047_E1-50,RSC-196,,Exc L3-5 RORB COL22A1
hIVSCC-MET,813735020,H19.03.304.11.05.01.02,right,TemL,H19.03.304,H19.03.304,M,36 yrs,unknown,epilepsy,,spiny,notchecked,,,1165,813734955,SM-GE5O8_S043_E1-50,RSC-196,,Exc L3-5 RORB COL22A1
hIVSCC-MET,832627767,H19.03.305.11.10.01.08,left,MTG,H19.03.305,H19.03.305,M,42 yrs,,epilepsy,,spiny,intact,dendrite-only,0.434370242046576,1237,832627736,SM-GE4QL_S126_E1-50,RSC-202,,Exc L3-5 RORB COL22A1
